{
  "id": "tavern-dice-master",
  "title": "Tavern Dice Master",
  "description": "Tavern dice games for D&D 5e: Liar's Dice and Twenty-One.",
  "authors": [
    {
      "name": "Zachary Thrasher"
    }
  ],
  "version": "0.1.8",
  "compatibility": {
    "minimum": "13",
    "verified": "13.0"
  },
  "url": "https://github.com/ZacharyThrasher/TavernGames",
  "manifest": "https://github.com/ZacharyThrasher/TavernGames/releases/latest/download/module.json",
  "download": "https://github.com/ZacharyThrasher/TavernGames/releases/latest/download/tavern-dice-master.zip",
  "bugs": "https://github.com/ZacharyThrasher/TavernGames/issues",
  "socket": true,
  "esmodules": ["scripts/main.js"],
  "styles": ["styles/tavern.css"],
  "languages": [
    {
      "lang": "en",
      "name": "English",
      "path": "languages/en.json"
    }
  ],
  "relationships": {
    "systems": [
      {
        "id": "dnd5e",
        "type": "system",
        "compatibility": {
          "minimum": "5.2.4"
        }
      }
    ],
    "requires": [
      {
        "id": "socketlib",
        "type": "module",
        "manifest": "https://github.com/farling42/foundryvtt-socketlib/releases/latest/download/module.json"
      }
    ]
  }
}
