{
    "id":  "tavern-dice-master",
    "title":  "Tavern Twenty-One",
    "description":  "A premium tavern dice game for D\u0026D 5e. Roll polyhedral dice to reach 21 without busting. Features beautiful UI, player avatars, animated reveals, and full game history.",
    "authors":  [
                    {
                        "name":  "Zachary Thrasher"
                    }
                ],
    "version":  "5.27.4",
    "compatibility":  {
                          "minimum":  "13",
                          "verified":  "13"
                      },
    "url":  "https://github.com/ZacharyThrasher/TavernGames",
    "manifest":  "https://github.com/ZacharyThrasher/TavernGames/releases/latest/download/module.json",
    "download":  "https://github.com/ZacharyThrasher/TavernGames/releases/download/v5.27.4/module.zip",
    "bugs":  "https://github.com/ZacharyThrasher/TavernGames/issues",
    "socket":  true,
    "esmodules":  [
                      "scripts/main.js"
                  ],
    "styles":  [
                   "styles/tavern.css",
                   "styles/themes.css",
                   "styles/atmosphere.css",
                   "styles/dice-reveal.css",
                   "styles/cinematic-overlay.css",
                   "styles/premium-fx.css"
               ],
    "languages":  [
                      {
                          "lang":  "en",
                          "name":  "English",
                          "path":  "languages/en.json"
                      }
                  ],
    "relationships":  {
                          "systems":  [
                                          {
                                              "id":  "dnd5e",
                                              "type":  "system",
                                              "compatibility":  {
                                                                    "minimum":  "4.0.0"
                                                                }
                                          }
                                      ],
                          "requires":  [
                                           {
                                               "id":  "socketlib",
                                               "type":  "module",
                                               "manifest":  "https://github.com/manuelVo/foundryvtt-socketlib/releases/latest/download/module.json"
                                           }
                                       ]
                      }
}
